Somali,English,risk_category,risk_subcategory,risk_level
,,,,
Tiknoloojiya ğŸ¤¯ Premier Bank,Technology ğŸ¤¯ Premier Bank,General > Neutral,,Low
Moha Moalim Abdi No Duceey,"Moha Moalim Abdi, pray for us.",General > Neutral,,Low
Sida loo kala weyn yahay waye sida lookala badiyey,"The difference in size corresponds to the difference in abundance (The bigger you are, the more you get).",General > Neutral,,Low
Swift lamaba yaqaan saw mahan in marka sidas kooga badiyo way u qalman,"Swift isn't even known; isn't it true that when they increase it like that, they deserve it?",Reputational > Fee Transparency,,Medium
6 iyo 0 isku dara hee 60 ka dollar fadlan isoodira muhiim u ahay,"Put 6 and 0 together, please send me 60 dollars, it is important to me.",General > Spam/Neutral,,Low
Wixii dubay expire laga soo qaaday oo dhan anaga nooxdiisiinaysaan,You are forcing all the expired things taken from Dubai on us.,Reputational > Ethical & Trust,,High
Premier Bank sidee ayaa lacag ugu shuban karaa acountiga primer anigoo dalka south Africa joogo,"Premier Bank, how can I deposit money into a Premier account while I am in South Africa?",Operational > Technical Support,,Low
Tuugada taleefan lee dhici jireyn inee faraantiyaasha naga dhacaan maarabtiin,"Thieves used to only steal phones, do you want them to steal our rings now?",Security & Fraud > Safety,,Medium
Xayaysiintan waxa ku jiro shirki weyn (Ø´Ø±Ùƒ Ø£ÙƒØ¨Ø±) wal ciyaadu bi allah.,"This advertisement contains major Shirk (polytheism), I seek refuge in Allah.",Compliance > Regulatory/Sharia,,High
Safetyga kawaran hadii lay soo agmaro oo layga xoqdo kawaranhee yaa ka masuul ah,"What about safety? If someone passes by me and swipes/steals it [the money via contactless], who is responsible?",Security & Fraud > Data Privacy,,High
War waxaan aduunka kama shaqeyaan dadka yaa lagu dhimin Apple wallet ama samsung pay dalka hala keeno Premier Bank,"Hey, this thing doesn't work in the world, don't fool people. Bring Apple Wallet or Samsung Pay to the country, Premier Bank.",Reputational > Customer Service,,Medium
Fargaladii ban la baqaya hda,I am afraid for the rings now [fear of theft].,Security & Fraud > Safety,,Medium
Waafi Mastercard igu filan,Waafi Mastercard is enough for me.,General > Neutral (Competitor),,Low
Awguure Beeldeeq garacani waa belaayo,"Awguure Beeldeeq, this rascal is a disaster [slang for 'too much' or 'trouble'].",Reputational > Customer Service,,Medium
...Premier Bank ma soo dhawo oo casrigii jaahiliga ayay marayaan,"...Premier Bank is not welcoming, they are going through the era of ignorance.",Reputational > Ethical & Trust,,High
Premier Bank Waxaan idin hayaa fikir aad ugu duwanan karta bank giyada kajira wadanka...,"Premier Bank, I have an idea for you that could make you very different from other banks in the country...",General > Feedback,,Low
Meeshan waa meel aan la yaabay xarun booqo un bay garanayaan yaab,"This place surprises me; they only know 'visit the center/branch', it's strange.",Operational > Technical Support,,Medium
Faranti somalilnd kuqoran yahy malagu bixikara,Can one pay with a ring that has Somaliland written on it?,Operational > Technical Support,,Low
Suufiyinta abdiqadir jeylani sidan oo kle bu u khiyamay,"The Sufis, Abdiqadir Jeylani cheated/tricked them just like this.",,,
Pankigan ya igu caawiya ğŸ˜¢,Who can help me with this bank? ğŸ˜¢,,,
Meesha weli allow shiiqow soo kuma habooneyn mise waxkasto falcelinta xayey siintaa idinkala muhiimsanaatay,"Did Sheikh Allow not fit in there yet, or has the reaction to the advertisement become more important to you than everything else?",,,
,,,,
premier bank lacgta aad goosanysaan transtaction keedana aan la arkayn iska saxa si hufan wax walba u cadeeya,"Premier Bank, fix the money you are deducting where the transaction is not even visible; clarify everything transparently.",,,
Tuugnimadii aad dadka lacagtooda with out bank state ment aad kula bixi jirteen ma iska dayseena?,Have you stopped the thievery where you used to take people's money without a bank statement?,,,
Payment gateway giina siden u hella ma jiraan meherado isticmaala bal haday jiraan ii sheega,"How can I get your payment gateway? Are there any businesses using it? If there are, tell me.",,,
Markaa wareerto Dadkaan wada shiidka ah baad u malayni in ChatGPT ay rukumanayaan ğŸ¤£ğŸ¤£ğŸ¤£,"When you get confused, you think these broke people are subscribing to ChatGPT ğŸ¤£ğŸ¤£ğŸ¤£.",,,
Khidmadda Waalida iska Jarmayso Macmiisha ka Yareeya,Reduce the crazy service fees that deduct automatically from the customers.,,,
Sidee loo furan markaa,How is it opened then?,,,
Maxaan rukumanaa Virtual card-ka aad bixisaan waa mid meel aadan waligaa ku xisan isaga xirmaayo...,What should I subscribe to? The Virtual card you provide is one that closes itself in places you never expected...,,,
Lacago aanan la aqoonin bangiga iska jaranayo...,The bank is deducting unknown amounts of money...,,,
Somali ku soo dara,Add Somali language.,,,
Good walletâœ…,Good walletâœ…,,,
Asc asxaabay Peegkan dhamaantiin Fallow iso dhaha,"Peace friends, everyone on this page follow me.",,,
Ilaa hada wax bank ahaan u shaqeeyo kama jiraan dalka ee xawalado unbaa lamoodaa oo xifaaltan ka dhexeyo.,"Until now, there is nothing operating as a bank in the country; they just seem like Hawalas competing with each other.",,,
Qof Netherlands ğŸ‡³ğŸ‡± jooga oo aan waligii somali imanin sidee igu soo diri kara lacag,How can someone in the Netherlands ğŸ‡³ğŸ‡± who has never come to Somalia send me money?,,,
Car Switzerland ğŸ‡¨ğŸ‡­ lacag oga dir wallet,Try sending money to a wallet from Switzerland ğŸ‡¨ğŸ‡­.,,,
"Farsamadaan caadi ma ahan, waa Tiknoloojiya caadi ah. ğŸ”¥ğŸ‘€","This technique is not normal, it is extraordinary technology. ğŸ”¥ğŸ‘€",,,
nin dhagax buur jooga see looga dhaadhicin karaa fargal baa lacagi ku jirtaa,How can you convince a man in Dhagaxbuur that there is money inside a ring?,,,
Niyoo ani waxaan layaabe bankikaan qof kucaawiyo malahan... maybe malahan customer service,"Oh man, I am surprised by this bank, they have no one to help you... maybe they don't have customer service.",,,
Dad Qayilaya Ayala Customer Care Ka Idin Fadhiyo Account kina Waan Xiray Dadka Ha Waqtiga Haka Luminina,"You have people chewing Khat sitting as Customer Care, and I closed the account. Do not waste people's time.",,,
Hadi la iga dhaco kwrnğŸ˜‚,What if it is stolen from me? ğŸ˜‚,,,
kkkkkk hhhhhhh hadii leyga qato ka waran bro,"kkkkkk hhhhhhh what if it is taken from me, bro?",,,
This smart lkn Scure miyaa,This is smart but is it Secure?,,,
Mansha allah waan soo dhawaynaynaa,"Masha Allah, we welcome it.",,,
Horta adeega Zaad ban rabaa inan ka guuro side u isticmala kan halkee ka Furta,"First, I want to move from Zaad service; how do I use this one and where do I open it?",,,
Hadii tuugo iga dhacdo accountgaas lacagta kujirta waa udhamaatey,"If thieves steal it from me, the money in that account is finished.",,,
"Eng.yuyu, ma haysaa xal aan iskaga joojiyo fariin ii soo dhacaysa 3 sano oo ah sidan ğŸ˜","Eng. Yuyu, do you have a solution for me to stop a message that has been coming to me for 3 years like this ğŸ˜",,,
"Dear Cabdiwali , You have insufficient funds in your account for this transaction of amount 6.99 at APPLE.COM...","Dear Cabdiwali , You have insufficient funds in your account for this transaction of amount 6.99 at APPLE.COM...",,,
"Marka qalabkaas lacag leyga siiyo,waxaa jeebkeyga kabaxay lacag iyadoo intaas ay dheertahay inaan bilaash kuheli doonin...","When I pay with that device, money leaves my pocket... I won't get for free whatever else I was buying!",,,
Kawaran hdu farantiga igu jiro... sooma fududa in machinka tugo kensadaan si fududna ula bixi karaan lacagaha ?,What if I have the ring on... isn't it easy for thieves to bring a machine and easily take the money out?,,,
Premier Bank waxan jogaa kenya Siden ku heli karaa,"Premier Bank, I am in Kenya, how can I get it?",,,
Waxaa ka fikirooya inta video-gaan socdo maqaaxidaas customer ma imaan Mia ğŸ˜‚,"I am thinking, while this video is playing, did no customers come to that cafe? ğŸ˜‚",,,
Wax rabaa master card sidee u helaaa Premier Bank,"I want a Master Card, how do I get it Premier Bank?",,,
Waa scam hala iska ilaaliyo aduunka kama jiro qalabka gacanta lagu xirto misna bankigaaga aad ku xiratid...,"It is a scam, people should avoid it. It doesn't exist in the world that a wearable device connects to your bank...",,,
Eng dad qadeeyaa wax u sharaxeysaa waxaan premier bank ku isticmalno Allaha nasoo galiyo.,"Eng, you are explaining things to people who are eating lunch; may Allah give us something to use in Premier Bank.",,,
"Sida lacag loogu helo Ookiyaal, Faraanti,Jijin and Soo on nookeena waanu naqaanaa how to pay money-yee","Bring us how to get money via Glasses, Rings, Bracelets and so on, we already know how to pay money.",,,
It's much better to integrate with Apple's payment system to make easy and safer,It's much better to integrate with Apple's payment system to make easy and safer.,,,
Oo hadii mobileka la iga xadana soo la igalama bixi karo?,"And if my mobile is stolen, can't they take [money] out of it?",,,
Caadi maaha!,It's not normal! (It's amazing).,,,
Side anoo wadan kale jooga u samaysan karaa,How can I create one while I am in another country?,,,
Premier bank waa bank horumarsan waa la dhahaa balse wax horumar muuqdo ama isbadal ah oo lagusoo kordhiyay app-kooda ma arko,"Premier Bank is said to be a developed bank, but I don't see any visible progress or changes added to their app.",,,
Muhiim ma'ahan wax macno ahna ma sameyneyso in dalalkale lacag aan u dirnaa ee waxaa ka muhiimsan in bangiyada kale ee dalka inaad u diri kartaan...,It makes no sense that we send money to other countries; what is more important is that you can send to other banks in the country...,,,
Anoo wadanka kamaqan oo aan haysan number soomaali ma sameysan karaa akoon,Can I create an account while I am out of the country and don't have a Somali number?,,,
Saan dalka oga baxayba wax aan isaga ahayn ma isticmaalin,"Since I left the country, I haven't used anything else.",,,
Nio qaabkan wa jira anigane isticmali jiray balse dhibka ay ledahay qofka ku diro ayaa ogan karo mrka wan idinkaga digayaa qof wlba,"Bro, this method exists and I used to use it, but the problem is the sender can trace it, so I am warning everyone.",,,
Anigaaba isrlticmaali la accountigaygii War niman yohow naga daaya meesha flexibility ma taalo e,"I couldn't even use my own account. Hey guys, leave us alone, there is no flexibility there.",,,
Premier wallet dhowr mar ayan lacag kenya iyo Italy ugu diray masha Allah,"Premier wallet, I sent money to Kenya and Italy several times, Masha Allah.",,,
Masha alaah wallet premier Banki waa ku nastay markii sadaxaad labo bilood guduhood waxaan lacag uga diray habiryartey gaarisa Kenya...,"Masha Allah, I found relief with Premier Bank wallet. For the third time in two months, I sent money to my aunt in Garissa Kenya...",,,
Nimanyahahaw soomalia loomadirikaro,"You guys, it cannot be sent to Somalia.",,,
Aniga Shaq siyan Waxan ku amaanayaa Sida Dag Daga ah Macamilka Cawashada Qabo Ugu jawabayan.,"Personally, I praise them for how quickly they answer the customer who has a complaint.",,,
110 dal lacagta aan u dirayo xagee iiga imaanaysaa!,"The 110 countries I am sending money to, where is the money coming from for me?!",,,
hal dolar ber ayaa igu jiro malega bixinkara waalegu siray,"I have one dollar in it for tomorrow, can it be paid? You have been tricked.",,,
Sxb Maxaad Dib Noogu Celinaysaa Oo Nooga Luminaysaa Laba Daqiiqadood Anagoo Seconds Ku Dirayna Kuna Helayna Lacagta.,"Friend, why are you taking us back and wasting two minutes of our time when we were sending and receiving money in seconds?",,,
,,,,
Qofki furtana $kista uga farxini ku dara,"And whoever opens it, add some $ cash to make them happy.",,,
Weey fadhidaa alaabtaan,This stuff is down/not working (literally: sitting).,,,
Hal'abuur ahaa!,What an innovation!,,,
Haddaad Shuubo Balansanaysana mari!,"If you deposit, go through the appointment/schedule! (implying delays).",,,
nio rabkan adaa sameeyey miyaaa,"Bro, did you make this rap?",,,
Xayeysiin wee dhaaf tay tan Premier Bank 100%,"This has gone beyond advertising, Premier Bank 100%.",,,
Premier Bank ma sas bad u wareerten,"Premier Bank, have you become this confused?",,,
Wuu fidhiyaa,It is sitting/down (not working).,,,
Waxaas wxpa laguma helo adiina liita dadka wxba ha u xayeysiina,"You don't get anything from that, you are weak/poor, don't advertise anything to people.",,,
Xayey siin oo free isteel ah premier Bank,"Advertising that is free style, Premier Bank.",,,
"Keliya hal cilad unba la idin ku qaba, bila fasax ayaad qofka lacagtiisa isagala baxaysan",We only have one problem with you; you withdraw the person's money without permission.,,,
Wax badan cilad arkay maba ka qabanayan waqtiyada qaar,"I saw many errors, they don't even fix it sometimes.",,,
Wafi master card is the best,Wafi master card is the best.,,,
Kenya Maka qadan karaa,Can I get it in Kenya?,,,
Waxanu nahay ID kar,We need ID [cards].,,,
Premier Bank Best Somaalia,Premier Bank Best Somalia.,,,
Wlh waaa kadhisay,I swear you built it / nailed it.,,,
Tuugo tihiin wallhi iska soo celiya aad account kala baxdeen kadibna aad dhahdeen master card ka jaranay,"You are thieves, I swear return the money you took from the account and then said 'we deducted for master card'.",,,
3 years ayaa wax online kaga gadaayay lkn hadaa tugo noqoteen salaam bank furtay keliya lacagta isoo celiya,"I have been buying things online for 3 years, but now that you became thieves I opened Salaam Bank, just return my money.",,,
Laxankaan ustaadki waynaa Yusuf Mohamed miyaa saaray tolow?,I wonder if the great master Yusuf Mohamed put this melody on?,,,
"Masuuliyad maba qaadi karaan qolyahaan heesaha xayaysiiska moodaya, yaaba isku halayn kara.","These people who think songs are advertisements cannot take responsibility, who can rely on them?",,,
Waa bangiga kali eh ee maalgalin an bxin hadana yirahdo macashisa waa bixinaa,It is the only bank that does not provide investment but then says 'we pay profit'.,,,
Saving account world elite ma lagu sameesan karaa,Can a World Elite saving account be created?,,,
Premier Bank Zurich malooga casheyn karaa,"Premier Bank, can one have dinner in Zurich [using it]?",,,
Elite card muxuu uga duwan yahay kaarka caadiga ah,How is the Elite card different from the regular card?,,,
"First of all, consider customer care then advertise","First of all, consider customer care then advertise.",,,
Premier pank âŒ Free style pank âœ…,Premier bank âŒ Free style bank âœ…,,,
Bangiga kaliya ee lacagta kuugu jirta xili walba la bixi kara waaye kan aaminad ma galo,"It is the only bank where the money inside can be taken out at any time, this one cannot be trusted.",,,
Saan mee u fududahay,Is it this easy?,,,
Rafiiqayga Premier MasterCard dunida oo dhan ayaad kaga adeegan kartaa waa la hubaa,"My friend Premier MasterCard, you can shop with it all over the world, it is certain.",,,
Somali salaam pank magaraysaan war iyo dhamaantiis,"You won't reach/match Somali Salaam Bank, news and all.",,,
Qaabkee ma iisharxi kartaan,How? Can you explain to me?,,,
Sidee loo samesta premier bank wa rabaa inaa samesto,"How to create Premier Bank [account], I want to create one.",,,
Mastercard evc ma kula bixi karaa lacag anoo isticmaalaya mobileka gacanta,Can I withdraw money with Mastercard EVC while using the mobile phone?,,,
Beijing iga daayo damal free iga dhig hal mar,"Leave Beijing alone, make Damal free for me for once.",,,
Somali halaga saaro blacklisted Swift transfer,Somalia should be removed from the blacklisted Swift transfer.,,,
War adeeg xumadan iska daaya oo muddo laba isbuuca lacag aan account giina ku diray baan qof igu shuba bank account la ahay,"Hey, stop this bad service; for two weeks I have been waiting for money I sent to your account... I am a depositor.",,,
Poor quality service baad meesha ku haysan sababta shaqaale xumada,You have poor quality service there because of bad employees.,,,
Heesta ayaaba iga gadantay guuleesta prem. Bank,"The song itself sold me [on it], succeed Prem. Bank.",,,
Premier Bank Mastercard kayga io $5 dollar aawey,"Premier Bank, where is my Mastercard and $5 dollars?",,,
Xayesinta hala siyo dhalin yarada,The advertising should be given to the youth.,,,
Waa raab caadi eheyn,It is an extraordinary rap.,,,
"Premier Bank jir oo joog i,a","Premier Bank exist and stay, Insha Allah.",,,
,,,,
Abu Bakar Nuur: Hhhh xayeysiin aa Hees cml udhagaystayğŸ¤£ğŸ˜‚xayeysiin Raab ah Faraska Madow waxuu la cadaan wayey hal abuur waye,"Hhhh, I listened to an advertisement that was like a song ğŸ¤£ğŸ˜‚ a Rap advertisement; Faraska Madow [creator name] couldn't get lighter skin due this creativity.",,,
Eng Yuyu: Caddeyn uma baahna inuu Premier Mastercard wax kale yahay. ğŸ¤©,It needs no proof that Premier Mastercard is something else (exceptional). ğŸ¤©,,,
Abdinasir Osman Ahmed: VAR cidna idinkuma raadineyso ilaa aad ka bixisan 8.56$ aad account kala baxdeen aad soo celiseen kalsoni ma jireyso,"No one is checking VAR for you until you pay back the $8.56 you took from the account; until you return it, there is no trust.",,,
Ahmed Jaangoan: Xayeysiis rap ah! Woow tan xayeysiis waa dhaaftay. Waa hees rap ah.,"A rap advertisement! Wow, this has surpassed advertising. It is a rap song.",,,
"Mohamed Sholi: Anaa qirayo billahi, inaad bank kiyada kale ka fican tihin waxana tihin haqabtirayasha bulshada jiro jooga âœŠğŸ˜",I testify by Allah that you are better than other banks and you are the ones satisfying the society; exist and stay.,,,
Abdkhadar Hassan Aden: Anoo sacuudiga jooga ayaa ku laandhereenaaye Premier Mastercard waliba NFC Machine mahadsanidiin,"While I am in Saudi Arabia, I am living large with Premier Mastercard, especially the NFC Machine, thank you.",,,
Apdullhi Hirzi: Maalinka aad deposit ATM aduunka laga samen karo aad kentaan ayaad top 1 noqondontaan,"The day you bring the ability to make ATM deposits from [anywhere in] the world, you will become top 1.",,,
Updyrahmaan Gahayr: Abti qaranka maxaad ugu so kala qabateen,"Uncle, why did you divide the nation like that?",,,
Mubarak Ahmed: Lacagta E-Vissa isaga ayay ku urursataan sow maaha.,"They collect the E-Visa money on it, don't they?",,,
Mohamed Zaid: Unfollow iska dhaha landers waxan qashinka Intan gacanta ula tagayno ğŸ˜¡,"Just say unfollow, Landers [Somalilanders], before we touch this trash. ğŸ˜¡",,,
Sakarie Mowlid Aden: Fack off khaaimiin ayaad tihii,"F*** off, you are traitors.",,,
Zhaafici Ibrahiim: Bankan vila wardhiglayba laga mamuula,This bank is managed from Villa Wardhiglay [Villa Somalia/Mogadishu Govt].,,,
Hassan Barawani: Lacagah kala baxa reer somaliland,"Withdraw your monies, people of Somaliland.",,,
Bashir Husen: Bangigaa waa in la iska ilaliyaaa,This bank must be avoided.,,,
Hassan Ibrahim Fiiqow: Salaam Somali Bank dagdag maqabto meel uma socoto... raabkaa rabtiin qaada shidanaaba shidanğŸ˜‚,"Salaam Somali Bank has no rush, it's not going anywhere... take whatever rap you want, it's already lit.",,,
Abdimajid Ali: Aniga tijaabyay dunidu igu xiray Waaba ciil-tiraha la sheego ğŸ˜¤,"I tested it, it connected me to the world. It is the 'anger-reliever' that is spoken of.",,,
"Mohamed Shaakir: Faanka, iyo Tayo xumida waxaad u tihiin HOGAAN.","For showing off and poor quality, you are LEADERS.",,,
Abdullahi Nasri: Lakiin hal dhib aya jirta mastercard waafi ma garaysan,"But there is one problem, it hasn't reached Waafi Mastercard [level].",,,
Zalim Upthii Mohmet: Dhiig miiratoy umada ka xishooda,"Bloodsuckers, have some shame in front of the public.",,,
Abdi Burcaawi: Tuug ayaad tihiin hawlahan aad ku jirtaan hadii aad ka bixin weydaan walaahy ganacsigiina ayuu ka go'an yahay...,"You are thieves; if you don't stop these activities, I swear your business will be cut off... you have a warning Premier Bank.",,,
Aqoonyahan Yahye Ibraahim: Dawlada somaliland waa inay talaabo idinka qaada,The Somaliland government must take action against you.,,,
Amir Lafole: Premier bank waxaan idinkula talin lahaa inaad sameysataan shirkad isgaarsiin...,"Premier Bank, I would advise you to create a telecommunication company...",,,
Yaaser Arafad: Xaaladiina Xayeysiiska inta may maroysaa... teamka Xayeysiinta idin Sameysey Jeebka ma u qoyseen ama qado ley u dalab teen...,"Has your advertising situation reached this level? ... The team that made the ad for you, did you wet their pockets [pay them well] or just order them lunch?",,,
Ayuub Sh Doon: Atm_yada dibadda marka lacag lagala baxaayo culees ayaa xagiina ka jiro ee iska xaliya,"When withdrawing money from ATMs abroad, there is a difficulty on your side, so fix it.",,,
Aadan Nuur Xuseen: Somaliland deg deg maxkamadaha haw saarto sherkada prinmer banka ee somalia ee kusoo duushey jirtaanka jamuuriyada Somaliland,Somaliland courts should immediately take action against the Premier Bank company of Somalia that has attacked the existence of the Somaliland Republic.,,,
Mustafe Qamarka: [Image Text] KACDOON SHACAB... CANCELLED premier bank,[Image Text] Public Uprising... CANCELLED Premier Bank.,,,
Mohamed Apdi Lahi: Somaliland way idinka dhamaatay!,Somaliland is finished for you!,,,
Abdifatah Kasim: Hadaan heestan xiftiyo tolow card bilaash ah ma leeyahayğŸ˜‚,"If I memorize this song, I wonder if I get a free card? ğŸ˜‚",,,
Zey Gedi: Musharka u kordhiya qolada xayeysiinta u xilsaaran. ğŸ¤©ğŸ¤ŒğŸ½,Increase the salary for the team in charge of advertising. ğŸ¤©ğŸ¤ŒğŸ½,,,
"NAhidaz Ali: Aad baa u xayeesiin badan tihiin, aadna waad u liidataam!","You advertise too much, and you are very weak/poor quality!",,,
Abdikadar Ahmed: Dahabshiil baan jawabta ka sugeenaa,We are waiting for the answer/response from Dahabshiil.,,,
Mohamed Shide Saleban: Balantayadi waa inaan abaalkiina Idin Marino berri meesha aad doonaysaan inaad khiyaamaysaan...,Our promise is that we will pay you back tomorrow; regarding the place you want to cheat... it is a promise that you will leave Somaliland.,,,
,,,,
,,,,
Waa inoo beri hadaan maydkiina qaadi waayo waxba hayga qorina,"It is on for tomorrow; if I fail to carry your dead bodies, don't write anything about me.",,,
Diyaar ahaadda shacabka Jamhuuriyadda Somaliland lacagihiina kala baxa bank maaha ee waa meel mooryaani leedahay,"Be ready, people of the Republic of Somaliland, withdraw your money; it is not a bank but a place owned by bandits/thugs.",,,
Tuugta waa in albaabada loo xidhaa aniga wallet lacagi igaga jirtay iga haystaan macal ducmantiga somaliland ma aqonsanin ayay ku dhahayan,The thieves must be closed down; they are holding my money in a wallet because they say they don't recognize Somaliland documents.,,,
Post gan falcelinta bulshada ayay ku fiirinayaan ğŸ¤£ğŸ¤£,"With this post, they are checking the public's reaction ğŸ¤£ğŸ¤£.",,,
"Wixiina kala soo baxa waxani bank ma ahne, maalin dhow albaabada ayaa loo laabayaa tuugada, bank wuxuu qabilsan yahay in lacagta lagu dhaqo dadka masaakiinta ah cashuurta looga qaado","Withdraw your things, this is not a bank; soon the doors will be closed on these thieves. A bank is supposed to launder money (?) and take taxes from poor people.",,,
Khamiista goob kasta oo slnd ku taala hala burburiyo lacag ahana kala sii baxa kaadhadhkoodana u daadiya,"On Thursday, destroy every location in Somaliland, withdraw money beforehand and throw away their cards.",,,
Premier Bank waa in laga tashadaa reer somaliland,"Premier Bank must be decided upon [dealt with], people of Somaliland.",,,
Waaan laga guuraa Mar hadaad Qayb ka tihiin dhibaataynta Dalkayaga,We are moving away [from you] since you are part of the harming of our country.,,,
Waa inuu beri nio,"It must be tomorrow, bro.",,,
Tuugo umada xaday,Thieves who stole from the nation.,,,
Wax yarbaa ka hadhayw khamiista halagaadho allihiin baad u aamusantihiine anaga qaranlayaga kama kaftanee,"Little time is left, let Thursday arrive; you are silent for your God [shocked], but we do not joke about our nationhood.",,,
Dalka kabaxa,Get out of the country.,,,
Mid Baasaboor ka Somalia turkey ga ku joogo ayaa ku leh xogtiina privacy maahan indha Adeeg badan wuxu fifa premier wallet âœŒï¸ğŸ˜,"One with a Somalia passport staying in Turkey is telling you your data isn't private; so much impudence, this thing is FIFA Premier wallet.",,,
KACDOON SHACAB... CANCELLED premier bank,PUBLIC UPRISING... CANCELLED Premier Bank.,,,
Dalkyga so faragaliseen somaha,"You interfered in my country, didn't you.",,,
Please use dahabshiil and daraslam bank,Please use dahabshiil and daraslam bank.,,,
Wa ino iyo barri tuugayahay qaran dumiskii,"It is between us and tomorrow, you thieves, destroyers of the nation.",,,
Bank wixii lacag idinku jirta waa inad kala baxdaan reer SOMALILAND waa cadowga dalka buu ka mid yahay ee mafiada XAMAR lugta u qabtay bulshada somaliland,"People of Somaliland must withdraw whatever money is in the bank; it is one of the enemies of the country, the XAMAR [Mogadishu] mafia that has grabbed the leg of the Somaliland society.",,,
dadka maxaa ka qaldan premier bank ma dowlad buu idinla eekaday waa xarun ganacsi oo dowlad iyo shacab ba ciday doonta accoun ka furan karto...,What is wrong with people? Did Premier Bank look like a government to you? It is a business center where government or public or anyone can open an account...,,,
Daalimiin,Oppressors/Tyrants.,,,
Premier wallet lhayninee iga soo doonta Mastercard kiinaan intaanaan gubin qashinyahay,"I don't have Premier wallet, come get your Mastercard from me before I burn it, you trash.",,,
Shaqo wacan,Good work.,,,
Naga soo hagaaga Ey ey dhashy baa tihiin,"Fix yourselves for us, you are dogs born of dogs.",,,
Premier Bank to the world Foostadii ugu weyn abid baa niila soo riixay oo dhanka ganacsiga ah...,"Premier Bank to the world, the biggest barrel ever has been pushed towards us in terms of business...",,,
Khamiista bal hafurnato walahi Somaliland waad ka guuraysan somalia kaliya ku eekandoontaan,"Just let it be open on Thursday, I swear you will move out of Somaliland, you will be limited to Somalia only.",,,
Munaafiqiinti qaranka wa ino bari i.a,"The hypocrites of the nation, it is tomorrow for us, Insha Allah.",,,
Aroorta 13 November hassan bahane bal wax Hayden qabto cadho ha lawada saro ğŸ˜¡,"On the morning of November 13th, Hassan Bahane, let's see what you have, let everyone mount their anger ğŸ˜¡.",,,
E Visa imisa iidinka soo xarooday????,How much revenue came to you from E-Visa????,,,
Somalilamd Kama sii jiraysaan dagaalka aadkula jirtaan dalkayaguna maaha mid aad ka macashi doontaan insha Allah,"You will not continue to exist in Somaliland; the war you are waging against our country is not one you will profit from, Insha Allah.",,,
Horumar wacan,Good progress.,,,
lacaga kla baxa dhamaan,Withdraw all the money.,,,
Waa laydinka qabanayaaa dalka dhowaan,You will be stopped from the country soon.,,,
Jaabir Kayse Cali shir saxafaded kii ay qabanayeen ma kan baa kkkkkkkkk,"Jaabir Kayse Cali, was the press conference they were holding about this? kkkkkkk.",,,
PREMIER BANK WAA BANK DALKA HORUMAR KU SOO KODHIYAY,PREMIER BANK IS A BANK THAT BROUGHT PROGRESS TO THE COUNTRY.,,,
Un fellow waa bangi qaran dumisa yaan waxba la dhigan,"Unfollow, it is a nation-destroying bank, don't deposit anything.",,,
Dhibta Shacabka reer Somaliland ee Qaybta ka noqoteen waxay sababi doontaa inaad kacdaan isla markaana Maxkamad laydin saari doono.,The harm to the people of Somaliland that you became part of will cause you to go bankrupt and also you will be put on trial.,,,
Ka yaaca. Ka yaaca baad ururiyaasha shisheeyaha.,"Run away from it. Run away from it, you collectors of foreigners.",,,
Beri wlhy wa la burburinaya xarumihiina hadaan midh nagasoo hadhayn nacala idin dhalee,"Tomorrow, I swear, your centers will be destroyed if even one of us is left, curse on you.",,,
War wa laydin shidaya khamista suga anagu wxa ma qorneğŸ˜‚,"Hey, you will be lit up [trouble coming], wait for Thursday, we don't just write things ğŸ˜‚.",,,
When are you going to add options from crypto to Premier Bank account.,When are you going to add options from crypto to Premier Bank account.,,,
Waa inaad Premier Bank Somaliland ku qortaan Page kiina Hadii kle talaabo aydan mahadin by shacabka Somaliland idinka qaadayaan.,"You must write 'Premier Bank Somaliland' on your Page; otherwise, the people of Somaliland will take a step/action you will not appreciate against you.",,,
Tuugta xamar la shaqeysa wadanka waa ladinka saaraya,The thieves working with Xamar [Mogadishu] will be removed from the country.,,,
War munaafiqiin baad tihiin xasan gurguurte ushaqaynayaa kabaxa soomaliland ğŸ˜‚,"Hey, you are hypocrites working for Hassan Gurguurte [President Hassan Sheikh], get out of Somaliland ğŸ˜‚.",,,
Dooni mayo premier bank futadii xasan sheikh,"I don't want Premier Bank, the ass of Hassan Sheikh.",,,
Koonto maxaad ka wadaan wamaxy afkaasi,"What are you doing with 'Koonto' [Account], what language is that?",,,
"Hadiiba aad bilowdeen inaad reer Soomaliland lacag baad ah oo xaaran ah uga qaadan Xasan Sheekh, Somaliland way idiinka dhamaatay...","Since you have started taking extortion money and haram money from the people of Somaliland for Hassan Sheikh, Somaliland is finished for you...",,,
Tuugo,Thieves.,,,
Waa In ber iyo khamista,It is [between us] tomorrow and Thursday.,,,
Tuugta khiyaano qaran,The thieves of national treason.,,,
Come Soon Nov 13 Malinti QarankağŸ˜‚ğŸ˜‚,"Come Soon Nov 13, National Day ğŸ˜‚ğŸ˜‚.",,,
Waar is diyaariya bati tuugyahay khaayinul wadanka ahi lacagtayadiina waa idinka la baxnay wadankana waad nooga baxaysaan be ready tomorrow,"Prepare yourselves, you big thieves, traitors of the country; we withdrew our money from you and you are leaving the country for us, be ready tomorrow.",,,
waana iska saare maxaa adeeg ah,"And I removed it, what kind of service is this.",,,
Wallet maanu ld numar lahayn,Doesn't the Wallet have an ID number?,,,
Lacagtaydii waan kala baxay premier bank,I withdrew my money from Premier Bank.,,,
Bank caalami ah,International Bank.,,,
Wallet la idiinkama fadhiyo ee eedda ama iska duwa oo qodob aanu aqbli karno la gole yimaada...,We don't expect/want a Wallet from you; either clear the accusation and come to the public with a point we can accept...,,,
,,,,
Omar Agay: Dadka horbodayo dacayada riqiista ha ogaden somali waxa keliya ooy kanoled waaganac siga xorta ah hadan lajoojin dulmiga ey wadan dadka kasojeda gobolada wawooyi...,Let the people leading the cheap propaganda know that Somalis only survive on free trade; if the injustice they are carrying out against people from the Northern regions [Somaliland] is not stopped...,,,
Wasiim Mahmut: Bari waan is arki doonaan,Tomorrow we will see each other.,,,
Mukhtaar Abdi Ramadaan: Bank waxaanu leenahay foostada evisa dhinac iskaga riixa,"We say to the bank, push the E-Visa barrel aside [distanced yourselves from the visa tax corruption].",,,
Xayaad Xigma Cumar: Burcad tuug maafiya ayaad isku darsateen,"You have combined bandits, thieves, and mafia all in one.",,,
Libn LÃ­Ã­fo: Maxa adeeG ah wan delete ğŸ˜‚ğŸ˜‚,What service? I am deleting it ğŸ˜‚ğŸ˜‚.,,,
Cabdiraxmaan Cabditimir: Wa in sidii soltelco iyo telesom shacabku wa shamsi ku qaadaaan,The public should storm them just like they did with Soltelco and Telesom.,,,
Cabdi Rahman Uweys: Bandhiga ugu hormarsan dalka,The most advanced exhibition in the country.,,,
Omer A Hassan: wa remove ba dogs bad tihine,"It is 'remove' [uninstall], you are dogs.",,,
Mohamed Abdirahman Saed: Ader lacagihiina ka urursada waa ishaynaa beriye,"Uncle, collect your monies from them, it is [happening] tomorrow.",,,
Abdiasis Abdulahi: Delete ban siiyey be maxa adeeg ah,"I gave it 'delete', what kind of service is this .",,,
Xidig Nageeye: Xaar xaar baa iigsa soo ura sidii aan u maqley iney evisah kullug lee yihiin,I smell s*** from it ever since I heard they are involved/have a hand in the E-Visa.,,,
Cabdiqaadir Jaamac: Horumar wacan,Good progress.,,,
Mahamett Amiin Ahmett: Wale bari inaad qaxdaan Mooye Xal Kale idiinma taal,"I swear, other than fleeing tomorrow, there is no other solution for you.",,,
AbdiJibaar O. Mohammed: Dalka waa idinka saarayaa diyaar garooba,"We are removing you from the country [Somaliland], get ready.",,,
Hussein Daanshood: Dhawaan waa laydin soo gaba gabeyn doona insha allahu .,"Soon you will be concluded/finished, Insha Allah.",,,
Maxamuud Ismaaciil: Dagaal u diyaar garooba dhamaan reer soomaliland aad la gashaan primer bank madaama uu isagu hor bilaabay,"Get ready for war, all people of Somaliland, to enter against Premier Bank since they started it first.",,,
Apdiaziz Ahmed: Waa ino khamiista wixii catalow carar imikaba ğŸ”¥ğŸ”¥,"It is Thursday for us; anyone who is weak/coward, run now ğŸ”¥ğŸ”¥.",,,
"Abdikarim Ali Askar: 12 dollar oo lays kala baxo amar la, aan mahayno",We don't have an order to withdraw $12 [sarcasm about fees].,,,
Abdullahi A. Yuusuf: Cidi u bahan Account Premier bank wa diyar... qof kas oo laga rabo Documents Dowlad. ğŸ‘‹,Anyone who needs a Premier Bank Account is ready... every person is required to have Government Documents. ğŸ‘‹,,,
Shaafici Maxamuud Abdi: Alaabtina kasii qata mesha,Take your things [money] from the place.,,,
MaDar OmaÅ™: Foostadii E-visa meel ma iskaga riixdeen inaydan qayb ka ahayn oo dalalka calamka bankinu uu lacagta uga soo ururiyoğŸ™„,"Did you push aside the E-Visa barrel [claiming] you are not part of it, and that the bank collects money for it from world countries? ğŸ™„",,,
Abdifatah Hariir Guleid: Labada lixa iyo Khamiista ğŸ‘ˆ,The two sixes [date/time?] and Thursday ğŸ‘ˆ.,,,
Cabdalla Isxaaq Xuseen: Marna ha baqinna #PremierBank wxii la idin geysto somtel io dahabshiil aa laga...,"Never fear #PremierBank, whatever is done to you, Somtel and Dahabshiil will be... [retaliated against/blamed].",,,
Axmed Xasan: Best great,Best great.,,,
Ali Mukhtar: Premier Bank adeeg amaano iyo daacad guulesta,"Premier Bank, honest and trustworthy service, succeed.",,,
Maxamed Axmed: Waa ino Bari lacagtaba hadaan so qaDan wayo Mesha taala ğŸ˜‚,"It is tomorrow for us, if I fail to get the money lying there [I'll be in trouble] ğŸ˜‚.",,,
Zamira Apdikadir: premier wallet is the best wlhi,"Premier wallet is the best, I swear.",,,
Abdi Wahid Halas: Barri ayaan idinka dhaansanayaa idinna xaraabaysi qyaabad iskaga jirtaan,Tomorrow I will withdraw [my fill] from you; you are involved in tricky/nonsense games.,,,
Khaalid Ibnu Abdi Abees: Khamiista go aan baa laydinka gaadhaya gaar ahaan Somaliland Premier Bank,"On Thursday a decision is being reached about you, especially in Somaliland, Premier Bank.",,,
UPthi Madoobe Farxaan: Xayasiin Aan loo Joogin Isku Boojeeya Toos niila Raafa ğŸ˜‚ğŸ˜‚,"Advertise where no one is present, push yourselves, straight to the trash with you ğŸ˜‚ğŸ˜‚.",,,
Sakarie Mahad Yousuf: Goor ay noqotaba JSL waa laydinka sifayne iska cambuulaysta.,"Whenever it may be, you will be cleansed from JSL (Somaliland), so just eat your cambuulo (keep dreaming).",,,
"Abdiladiv Omar: Hadiiba aad bilowdeen inaad reer Soomaliland lacag baad ah oo xaaran ah uga qaadan Xasan Sheekh, Somaliland way idiinka dhamaatay...","Since you started taking extortion money and haram money from the people of Somaliland for Hassan Sheikh, Somaliland is finished for you...",,,
Mohamed Abdirahman Seid: War taga jinaas yhy,"Go away, you devils.",,,
Abdirashid Ahmed-Nour Souly: Aaaya Calooshood ushaqeystayaashii Ku kacsanaa bank gaan ğŸ˜…,"Oh, the stomach-workers [mercenaries] who were against this bank [are here] ğŸ˜….",,,
Hibo Jirde: Post ma waxaa usoo dhigteen in la idinku kacsanyahay iyo in kale inaa ogaataanğŸ˜“,Did you post this to know if people are against you or not? ğŸ˜“,,,
"Mohamed Mohamoud Adem: Qaran dumis baad tihiin, waa laydiun jeedaa","You are nation destroyers, you are being watched.",,,
Abdirahman Abdirahman: wixiina kala baxa landers,"Withdraw your things, Landers [people of Somaliland].",,,
Abdullahi Ismail Awad: Hadii aanad qayb ka ahayn waxa la sheegayo is cadeeya oo kala saara ka somaliland iyo kan somalia oo laba page u kala sameeya,"If you are not part of what is being said, clarify it and separate the Somaliland one and the Somalia one, and make two separate pages for them.",,,
Abdi Shakuur Mohamet: Wlhi oo blhi hadaan DAWLAD wax idinka qaban anago shacaba oo dhalinyar ah weliga ba hawadiina kicinayna...,"I swear by Allah, if the GOVERNMENT doesn't do something about you, we the public and youth will never boost your air/reputation...",,,
Ahmed Wardi: Somaliland way idiinka dhamaatay shacabka somaliland diyaar ahaada tuugta dhashay kala baxa lacagtiina,"Somaliland is finished for you; people of Somaliland be ready, withdraw your money from the born thieves.",,,
,,,,
Abdiaziiz Abdalla Osman: Masha Allah waan u Jedna in hormar balaran Aad sameysen oo la idinka hiinsay oo xaqliyal la idinku so diray Gulleysta mar walbo Mel walbo Aad Xarun Ku lehedihiin,"Masha Allah, we see that you have made huge progress and people are jealous/envious of you and sending ""mind games"" against you; Succeed always, everywhere you have a center.",,,
Yaasiin Jaamac: waa in laysaga guura isticmaalka premier mar hadii uu qayb ka noqday dhibaataynta shacabka reer somaliland,We must move away from using Premier since it has become part of the harming of the people of Somaliland.,,,
Fartun Aadan: Premier waa adeeg laga wada relay dhamaan aduunka oodhan waana adeeg casri ah dag dag siimo wacan hore usocda guul iyo gobonomo xawaalad sareysa,"Premier is a service relied upon all over the world, it is a modern service, fast, good provision, keep going forward, success and sovereignty, a high-level transfer service.",,,
Fawsi Ciise: Tuugsi ayaan tihiin umadana way idinka tashan doontaa ğŸ¤£,"You are begging/beggars, and the public will decide against you (boycott you) ğŸ¤£.",,,
Saed Bigile: Afka halkaa ku qorani maaha lahjada Somaliland sidaa daraadeed waa inaa Somaliland si degdeg ah uga baxdaan,"The language written there is not the Somaliland dialect, therefore you must leave Somaliland immediately.",,,
Gobaad Aden: E.visa dii kawarama ma khali garaysen,"Tell us about the E-visa, have you cleared/solved it?",,,
Baxsane Axmed: Hadaanu idinka dhanaansan weyno waad nooso dhigateene ğŸ˜‚ğŸš©,"If we don't withdraw [our fill/funds] from you, you will set traps for us ğŸ˜‚ğŸš©.",,,
Wacays Ali Omar: Waan iska Joojiyey Adeegiinii Madaamo oo aad Huwan Noqoteen si aad dadka reer Somaliland u dhibaateysaana Aad La shaqeysanaysaan Mooryaanta Xamar Joogta,I stopped using your service since you became a 'Huwan' (militia/proxy) to harm the people of Somaliland and you are working with the Mooryaan (bandits) staying in Xamar [Mogadishu].,,,
Mukhtaar Haaji Mire: Premier bank waa bank u adeega bulshadiisa guuleeysta,"Premier Bank is a bank that serves its society, succeed.",,,
Saddam Carab: Haduu kugu dumay dadka amaahi!,"If it collapsed on you, loan to the people!",,,
Abdisalaan Ciise Ismail: Dalka iskaga baxa waxad dhawac ku tihiin qaranimada Somaliland laydin dulqadan mayo bararusooy,"Get out of the country, you are an injury to the nationhood of Somaliland, you will not be tolerated, you cockroaches.",,,
Abdirahman Ibrahim Egalgelle: WAAR LACAGTAADA KALA BAX INTA AAN LAGAA XANIBIN,HEY WITHDRAW YOUR MONEY BEFORE IT IS BLOCKED/FROZEN FROM YOU.,,,
Zaki Saeed Fiish: Miyaan waalanahay markan khaainul waddan shirkadooda isticmaalyo,Am I crazy to be using the company of national traitors at this time?,,,
Sakariye Xasan: oo mashala reer somaliland sirta fahma khamiistağŸ¤«,"Oh Mashallah, people of Somaliland understood the secret, Thursday ğŸ¤«.",,,
Suhayb Ahmath: Tuugbaa tihiin,You are thieves.,,,
Nahaar Ibnu Yasin: Wallet bad ka sheekaynsaa khamiista la idinku soo socda adeeer,"You are talking about Wallet? Thursday they are coming for you, uncle.",,,
Zaki Abdyzalan: Baad urursadayaal,Extortion collectors.,,,
TÃ¨acher Cabdimajiid QaLinle: Tuug qaran dumis,"Thieves, nation destroyers.",,,
Mubaarig Tolwanaje: Tuug ayaa tihiin,You are thieves.,,,
Maarig Cabdi: Waa inooyo Barri,It is [between us] tomorrow.,,,
We love Somaliland: Somaliland way idiinka dhamaatay!,Somaliland is finished for you!,,,
Sharmake Dhado: Premier wallet kaaga haboon kuwa kale,Premier wallet is more suitable for you than others.,,,
A Fathah Ahmeth: Inaan furto ayaan rabay waan se ka laabatay Dahabshiil baa inoo balan ah,"I wanted to open [an account] but I turned back, Dahabshiil is the promise for us.",,,
Muhzin Moha: Post waxay uso dhigeen si ay u ogadeen inay dadka ku kacsan yihiin iyo in kalle! ğŸ˜‚,They posted this just to know if people are rising up against them or not! ğŸ˜‚,,,
Jss En: Khamista iskga sii orda gobihiina somaliland ğŸ¦•,Run away from your Somaliland locations on Thursday ğŸ¦•.,,,
Abdirisak Qobcade: Cidii lacag ugu jirtaa hakala baxdo ee reer Somaliland ah bangigagan albaabadaa loo laabayaa bisha danbe insha allah,"Anyone from Somaliland who has money in it should withdraw it; this bank's doors are being closed next month, Insha Allah.",,,
Maxamed Muuse: Lacagta reer somaliland oo ay gacantooda dulmane uga yihiin dad aqoon cadowgooda waa ka maalgalin doon diyaarada hargeysa dumin doona mustaqbalka...,The money of Somaliland people... they are funding the airplane that will destroy Hargeisa in the future with the people's own money...,,,
Bintu Ibrahim Hussein: Bari waa ina albaabada lagu laaba hadii alle idmo dawladii hadii ay kaa warwareegtay shacabkaa ku sheegaya waxad tahay xoog albaabada kugu laabaya,"Tomorrow the doors must be closed, God willing; if the government hesitates/delays, the public will show you who you are and close the doors on you by force.",,,
Sacad Mohamed Aw Hassan: Daalimiin qaranka kusoo dulay ayaad tihiin,You are oppressors who invaded the nation.,,,
Mahamud Abdi Haji: Waa Bank aad u fiican intaan ka isticmaalay,It is a very good Bank as much as I have used it.,,,
Sharmake Dhado: Adeega koobad ee dalka #premierwallet,The number one service in the country #premierwallet.,,,
Hoodo Cawed: Lagu baray oo lagu baray.,You were taught a lesson/You were known.,,,
Idriz Abdi Yuzf: Tiug tuug dhashay,Thief born of a thief.,,,
Jamo Whouter: Aar ilahay ka baqoo umada dhibka ka daaya,"Oh, fear God and stop harming the public.",,,
Mohammed Ilaaq: Waa inoo bari albaabadaa layskugu kiin laabayaa shuubaa idin dhashaye,"It is tomorrow for us, the doors will be closed on you, you were born of calamity/trash.",,,
Waar kani bank Maaha wallahay Shalay ayaan utagnay Qolo xawaalad ah ayaa lacag noogu soo diray Wixi naga raacay waan yaabnay wallahay,"This is not a bank, I swear to God. We went to a remittance company yesterday. They sent us money, and we were shocked by what happened to us, I swear to God.",,,
"Dadka intooda badan waa small
Scale businesses, marka la dhaho bixi $25 maintenance fee bill walbo, 3-4% transaction fee maxaa usoo harayo?","Most people are small-scale businesses, so when they are told to pay a $25 maintenance fee for every bill, and a 3-4% transaction fee, what is left for them?",,,
"Waar kani bank ğŸ¦ maha, waligey wax ka services xun man arkin runtii waaa very poor service.","This is not a bank ğŸ¦, I have never seen worse services, it is truly very poor service.",,,
Isn't there any response,Sow jawaab ma jirto,,,
Ama isheg number customÃ¨r care ah,Or give me a customer care number.,,,
Sxb iga cawiya sidi an lcag ku dhigi laha walletkeyga,"Friend, help me how to deposit money into my wallet.",,,
"Premier Bank 10 kan fee ee Mastercard aad ka goosanaysaani waa noocma nio! Fee-gee sanadlaha ahaa ma soo dhaafteen ğŸ˜¡ transaction walba fee bad ka goosanaysaan, sannadkiina fee bad naga qaadaysaan","Premier Bank, what kind of 10-fee is this for the Mastercard you are deducting?! Haven't you passed the annual fee ğŸ˜¡ you deduct many fees for every transaction, and you also take many fees from us annually.",,,
Is it scam or genuine?,Is it scam or genuine?,,,
Somalia ğŸ‡¸ğŸ‡´ bank ğŸ¦ be careful guys,Somalia bank be careful guys,,,
Uganda xafiis makuleedihii,Does Uganda have an office?,,,
Salaam Bank free ayaa la helayaa maxaa lagu falayaa kan.,"Salaam Bank is available for free, what is the use of this one?",,,
sow ma ogidin inaad dadka dhacdaan oo tidhaahdaan lacagtii waad la baxaday marka qofku cardka galiyo ushaqayn waayo kadibna message usoo dhaco inuu lacagtii la baxaday oo aad diideeen inaad camerada eegtaan inaan lacag qaatay dadbadan lacagtoodii sidaa kuwaayay Hargeisa,"Didn't you know that you rob people and say that you have withdrawn the money when the person puts the card in and it doesn't work, and then a message comes to them that they have withdrawn the money, and you refuse to look at the camera to see if I have taken the money, many people lost their money like that in Hargeisa.",,,
maxa lagu egaa akonka,What is the account checked for?,,,
"Master Card Premier Bank waa $3, sanadkiina $12 ayay kaa goosan â€” bishii $1. Marka aad lacag ku shubato ayaa lagaa jarayaa, hore laguuguma sheegayo, mana jirto meel caddeynaysa jaristaas ama si furan laguugu sheegi maayo.
Master Card Darasalaam waa free, sanadkiina waxba lagaa goosan maayo.
Haddana weli waxaad arkaysaa dad iibsanaya Premier Bank Master Card.
""Nin qalbi la quraanka uu akhriyay Qaaf dhe ku haraadye.""","Master Card Premier Bank is $3, and they deduct $12 annually â€” $1 per month. When you deposit money, it is deducted, you are not told beforehand, and there is no place to clarify this deduction or tell you openly. Darasalaam Master Card is free, and nothing is deducted from you annually. Yet, you still see people buying Premier Bank Master Card. ""A person whose heart reads the Quran with 'Qaaf' is still thirsty.""",,,
"Guuleysta waxaan idinka codsaneynaa in
Elite card qiima jaban qurbajoogta uga dhigtaan si ayagoo dalka ka maqan ay lacag kaga shubtaan wadan walba oo ay jooga si sahlana ay kala bixi karaan","Congratulations, we ask you to make the Elite card cheap for the diaspora so that they can deposit money from any country they are in while they are away from the country and withdraw it easily.",,,
Visa card si online ah ma u furan karaa,Can I open a Visa card online?,,,
"Adeeg dunida la jaanqaaday waad heysaaan Blse
Ma aadan baran la macaamilka macmiilka","You have a service that is in line with the world, but you haven't learned how to deal with the customer.",,,
Service charge ka yareeya,Reduce the service charge,,,
"Appka aad ayu uhoseya nashqadentisa iska hagajiya, itâ€™s disgusting","The app's design is very low, fix it, itâ€™s disgusting.",,,
Premier Bank qeybta bank statements address ku soo dara iney soo aqriso,"Premier Bank, include the address in the bank statements section so they can read it.",,,